id,first_name
1,Kai
2,Angelico
3,Calvin
4,Etty
5,Albrecht
6,Crichton
7,Davide
8,Constantine
9,Carrissa
10,Jermaine
11,Dannie
12,Melina
13,Tessie
14,Ferrell
15,Emmanuel
16,Nari
17,Aldus
18,Yancey
19,Kiele
20,Inge
21,Samuel
22,Llywellyn
23,Kendal
24,Sukey
25,Lyndell
26,Paule
27,Tobe
28,Maureene
29,Betteann
30,Teddy
31,Deerdre
32,Shaylah
33,Ruggiero
34,Darcee
35,Egor
36,Ragnar
37,Blisse
38,Koral
39,Danny
40,Aldwin
41,Harp
42,Rodney
43,Rici
44,Wenda
45,Kevina
46,Jon
47,Jody
48,Dorise
49,Toinette
50,Carmela
51,Demott
52,Rudolfo
53,Rudd
54,Frazer
55,Conway
56,Kacey
57,Aida
58,Lanny
59,Spenser
60,Fabian
61,Matthias
62,Valerie
63,Stacee
64,Sayer
65,Mitchael
66,Jillian
67,Benji
68,Alleyn
69,Lauryn
70,Florri
71,Edythe
72,Tatum
73,Chaddy
74,Jerrie
75,Dorelia
76,Karia
77,Rickie
78,Erin
79,Amabel
80,Prue
81,Crissie
82,Johnna
83,Iris
84,Nonie
85,Lucila
86,Antonius
87,Arlin
88,Pris
89,Bessy
90,Emmalynne
91,Leila
92,Kristos
93,Fannie
94,Rusty
95,Sibylla
96,Brianna
97,Piper
98,Martica
99,Killian
100,Maudie
101,Bria
102,Didi
103,Francois
104,Amii
105,Travers
106,Jobie
107,Henry
108,Dasi
109,Linnea
110,Worthy
111,Cathleen
112,Auroora
113,Vaughan
114,Aloisia
115,Sol
116,Jessey
117,Brigg
118,Sherri
119,Peyter
120,Zonnya
121,Mendel
122,Obadias
123,Artemis
124,Scottie
125,Fania
126,Katya
127,Maurine
128,Todd
129,Reube
130,Berkley
131,Byrle
132,Lucinda
133,Verina
134,Gwennie
135,Blake
136,Evelyn
137,Jeddy
138,Rollins
139,Leone
140,Ursa
141,Alphonso
142,Pattie
143,Lindon
144,Marybelle
145,Merline
146,Valentino
147,Brody
148,Micheline
149,Codi
150,Gweneth
151,Pietro
152,Sophie
153,Ilka
154,Arne
155,Inge
156,Larina
157,Marcy
158,Major
159,Ginny
160,Korie
161,Gonzalo
162,Far
163,Marijo
164,Pansy
165,Ody
166,Smith
167,Benjie
168,Arvy
169,Fons
170,Corri
171,Lucy
172,Hamnet
173,Emmott
174,Hyacinthe
175,Sianna
176,Gustie
177,Merissa
178,Nathan
179,Caroljean
180,Evaleen
181,Mari
182,Fleming
183,Arin
184,Lillis
185,Barton
186,Dennie
187,Lynette
188,Mose
189,Kaitlyn
190,Ravid
191,Nevil
192,Carmon
193,Devland
194,Zed
195,Aurore
196,Diena
197,Edward
198,Archibald
199,Toni
200,Adelice
201,Ailey
202,Jobie
203,Anthe
204,Elene
205,Bradan
206,Michal
207,Fianna
208,Octavia
209,Trev
210,Licha
211,Novelia
212,Cammy
213,Webb
214,Shaina
215,Calv
216,Mirabelle
217,Dalila
218,Tomaso
219,Farlee
220,Harlan
221,Gerik
222,Darb
223,Jody
224,Arin
225,Abbey
226,Keeley
227,Fannie
228,Wally
229,Jeannette
230,Faydra
231,Harmon
232,Lonnie
233,Kat
234,Dannel
235,Joshuah
236,Shirlene
237,Vannie
238,Boy
239,Rolf
240,Marleen
241,Latia
242,Jessee
243,Frankie
244,Regine
245,Krissy
246,Dierdre
247,Chaim
248,Michele
249,Bonita
250,Bucky
251,Bronson
252,Sheelah
253,Marty
254,Axe
255,Reina
256,Gillan
257,Wildon
258,Linet
259,Alma
260,Viola
261,Marijn
262,Wynn
263,Ryon
264,Aron
265,Maximilianus
266,Gunter
267,Chad
268,Flori
269,Maude
270,Timothea
271,Hyacinthia
272,Cam
273,Jackquelin
274,Hartley
275,Margery
276,Ive
277,Merrill
278,Feliza
279,Dreddy
280,Carleen
281,Pia
282,Lori
283,Kerby
284,Glyn
285,Julianna
286,Anette
287,Heath
288,Jennifer
289,Gerianne
290,Ramsay
291,Caddric
292,Kali
293,Mordy
294,Cherrita
295,Rafi
296,Clarisse
297,Ailene
298,Sloan
299,Laure
300,Pernell
301,Ahmad
302,Abrahan
303,Langsdon
304,Dalis
305,Debi
306,Linn
307,Tybalt
308,Ciel
309,Catarina
310,Maitilde
311,Tasia
312,Tierney
313,Dela
314,Merrielle
315,Halimeda
316,Ilene
317,Lynnelle
318,Elwyn
319,Elliott
320,Alys
321,Shara
322,Edeline
323,Alanah
324,Lynnet
325,Terry
326,Happy
327,Trula
328,Stern
329,Wye
330,Albrecht
331,Georgena
332,Nicoli
333,Ameline
334,Kyle
335,Martica
336,Gratia
337,Orin
338,Garek
339,Raye
340,Shane
341,Brion
342,Kent
343,Amaleta
344,Helaina
345,Lucius
346,Dix
347,Winnah
348,Garrott
349,Ardath
350,Eveline
351,Cookie
352,Aggi
353,Hazel
354,Antone
355,Risa
356,Erinn
357,Daryle
358,Quincy
359,Welch
360,Vivi
361,Findlay
362,Ezri
363,Emalia
364,Alisa
365,Evania
366,Hussein
367,Constancy
368,Hanni
369,Danie
370,Daffie
371,Ariel
372,Ulberto
373,Aileen
374,Yetta
375,Juliann
376,Julio
377,Emmalyn
378,Vassily
379,Noella
380,Richmond
381,Antony
382,Basil
383,Anne-marie
384,Franny
385,Lida
386,Cassey
387,Winni
388,Reese
389,Cornie
390,Rhona
391,Kristyn
392,Marja
393,Ruby
394,Estrella
395,Gretna
396,Judas
397,Tiffy
398,Carling
399,Bobinette
400,Aubrey
401,Raymund
402,Elana
403,Armstrong
404,Tabbi
405,Bradney
406,Appolonia
407,Idaline
408,Bernie
409,Timotheus
410,Richard
411,Elwira
412,Gaston
413,Elonore
414,Valry
415,Kiley
416,Erik
417,Daphene
418,Merci
419,Lauritz
420,Sherie
421,Fax
422,Judas
423,Julian
424,Veriee
425,Gwendolyn
426,Kittie
427,Romeo
428,Virgie
429,Becky
430,Otha
431,Tyrus
432,Emalee
433,Raleigh
434,Joela
435,Ephraim
436,Cord
437,Hildegarde
438,Lora
439,Iorgos
440,Niki
441,Rutger
442,Benetta
443,Wittie
444,Sean
445,Millisent
446,Murdock
447,Angy
448,Vera
449,Merrily
450,Carl
451,Cathrin
452,Annaliese
453,Lib
454,Shell
455,Ganny
456,Elena
457,Matthieu
458,Cherianne
459,Philip
460,Susie
461,Georgia
462,Demetris
463,Clara
464,Lurette
465,Delphine
466,Jobie
467,Mellicent
468,Ludwig
469,Deny
470,Giselbert
471,Trever
472,Gabey
473,Ajay
474,Gertrud
475,Jemima
476,Laryssa
477,Valina
478,Lois
479,Gerladina
480,Kristofer
481,Weider
482,Kelila
483,Meyer
484,Sylas
485,Perrine
486,Sadie
487,Warden
488,Lilas
489,Jacques
490,Talbert
491,Rosabella
492,Delmer
493,Irwin
494,Chantal
495,Taffy
496,Shandie
497,Bernetta
498,Georgine
499,Jehanna
500,Pearla
